ISO3,DataId,Indicator,Value,Precision,DHS_CountryCode,CountryName,SurveyYear,SurveyId,IndicatorId,IndicatorOrder,IndicatorType,CharacteristicId,CharacteristicOrder,CharacteristicCategory,CharacteristicLabel,ByVariableId,ByVariableLabel,IsTotal,IsPreferred,SDRID,RegionId,SurveyYearLabel,SurveyType,DenominatorWeighted,DenominatorUnweighted,CILow,CIHigh,LevelRank
#country+code,#meta+id,#indicator+name,#indicator+value+num,#indicator+precision,,#country+name,#date+year,#survey+id,#indicator+code,,,,,,,#indicator+label+code,#indicator+label,,,,,,,,,,,
UGA,396518,Number of children 12-23 months (unweighted),934,0,UG,Uganda,1988,UG1988DHS,CH_VACS_C_UNW,93886270,U,268002,268002,Source of vaccination information,Either source,258001,12-23,1,1,CHVACSCUNW,,1988-89,DHS,,,,,
UGA,283291,Number of children 12-23 months (unweighted),843,0,UG,Uganda,1988,UG1988DHS,CH_VACS_C_UNW,93886270,U,268002,268002,Source of vaccination information,Either source,258002,24-35,1,0,CHVACSCUNW,,1988-89,DHS,,,,,
UGA,46439,BCG vaccination received,48.3,1,UG,Uganda,1988,UG1988DHS,CH_VACC_C_BCG,93906010,I,1000,0,Total,Total,0,,1,1,CHVACCCBCG,,1988-89,DHS,946,934,,,
UGA,46434,DPT 1 vaccination received,46.9,1,UG,Uganda,1988,UG1988DHS,CH_VACC_C_DP1,93906020,I,1000,0,Total,Total,0,,1,1,CHVACCCDP1,,1988-89,DHS,946,934,,,
UGA,46440,DPT 2 vaccination received,37.8,1,UG,Uganda,1988,UG1988DHS,CH_VACC_C_DP2,93906030,I,1000,0,Total,Total,0,,1,1,CHVACCCDP2,,1988-89,DHS,946,934,,,
UGA,46435,DPT 3 vaccination received,28.1,1,UG,Uganda,1988,UG1988DHS,CH_VACC_C_DP3,93906040,I,1000,0,Total,Total,0,,1,1,CHVACCCDP3,,1988-89,DHS,946,934,,,
UGA,46436,Polio 1 vaccination received,47,1,UG,Uganda,1988,UG1988DHS,CH_VACC_C_OP1,93906060,I,1000,0,Total,Total,0,,1,1,CHVACCCOP1,,1988-89,DHS,946,934,,,
UGA,46437,Polio 2 vaccination received,38.3,1,UG,Uganda,1988,UG1988DHS,CH_VACC_C_OP2,93906070,I,1000,0,Total,Total,0,,1,1,CHVACCCOP2,,1988-89,DHS,946,934,,,
UGA,46438,Polio 3 vaccination received,28.3,1,UG,Uganda,1988,UG1988DHS,CH_VACC_C_OP3,93906080,I,1000,0,Total,Total,0,,1,1,CHVACCCOP3,,1988-89,DHS,946,934,,,
UGA,46442,Measles vaccination received,35.2,1,UG,Uganda,1988,UG1988DHS,CH_VACC_C_MSL,93906090,I,1000,0,Total,Total,0,,1,1,CHVACCCMSL,,1988-89,DHS,946,934,,,
UGA,46441,Fully vaccinated (8 basic antigens),23.6,1,UG,Uganda,1988,UG1988DHS,CH_VACC_C_BAS,93906230,I,1000,0,Total,Total,0,,1,1,CHVACCCBAS,,1988-89,DHS,946,934,,,
UGA,46443,Received no vaccinations,50.8,1,UG,Uganda,1988,UG1988DHS,CH_VACC_C_NON,93906250,I,1000,0,Total,Total,0,,1,1,CHVACCCNON,,1988-89,DHS,946,934,,,
UGA,51069,Number of children 12-23 months,946,0,UG,Uganda,1988,UG1988DHS,CH_VACC_C_NUM,93906270,D,1000,0,Total,Total,0,,1,1,CHVACCCNUM,,1988-89,DHS,,934,,,
UGA,490945,Number of children 12-23 months (unweighted),934,0,UG,Uganda,1988,UG1988DHS,CH_VACC_C_UNW,93906280,U,1000,0,Total,Total,0,,1,1,CHVACCCUNW,,1988-89,DHS,946,,,,
UGA,649191,Percentage showing a vaccination card,46.1,1,UG,Uganda,1988,UG1988DHS,CH_VAC1_C_VCD,93936260,I,1000,0,Total,Total,0,,1,1,CHVAC1CVCD,,1988-89,DHS,3357,3312,,,
UGA,659231,Number of children one to four years of age,3357,0,UG,Uganda,1988,UG1988DHS,CH_VAC1_C_NUM,93936270,D,1000,0,Total,Total,0,,1,1,CHVAC1CNUM,,1988-89,DHS,,3312,,,
UGA,505080,Number of children one to four years of age (unweighted),3312,0,UG,Uganda,1988,UG1988DHS,CH_VAC1_C_UNW,93936280,U,1000,0,Total,Total,0,,1,1,CHVAC1CUNW,,1988-89,DHS,3357,,,,
UGA,628753,BCG vaccination received,83.6,1,UG,Uganda,1995,UG1995DHS,CH_VACS_C_BCG,93886010,I,268002,268002,Source of vaccination information,Either source,258001,12-23,1,1,CHVACSCBCG,,1995,DHS,1588,1475,,,
UGA,458937,BCG vaccination received,83.6,1,UG,Uganda,1995,UG1995DHS,CH_VACS_C_BCG,93886010,I,268002,268002,Source of vaccination information,Either source,258002,24-35,1,0,CHVACSCBCG,,1995,DHS,1174,1154,,,
UGA,628754,DPT 1 vaccination received,81.7,1,UG,Uganda,1995,UG1995DHS,CH_VACS_C_DP1,93886020,I,268002,268002,Source of vaccination information,Either source,258001,12-23,1,1,CHVACSCDP1,,1995,DHS,1588,1475,,,
UGA,458938,DPT 1 vaccination received,82,1,UG,Uganda,1995,UG1995DHS,CH_VACS_C_DP1,93886020,I,268002,268002,Source of vaccination information,Either source,258002,24-35,1,0,CHVACSCDP1,,1995,DHS,1174,1154,,,
UGA,628755,DPT 2 vaccination received,73.5,1,UG,Uganda,1995,UG1995DHS,CH_VACS_C_DP2,93886030,I,268002,268002,Source of vaccination information,Either source,258001,12-23,1,1,CHVACSCDP2,,1995,DHS,1588,1475,,,
UGA,458939,DPT 2 vaccination received,73.5,1,UG,Uganda,1995,UG1995DHS,CH_VACS_C_DP2,93886030,I,268002,268002,Source of vaccination information,Either source,258002,24-35,1,0,CHVACSCDP2,,1995,DHS,1174,1154,,,
UGA,628749,DPT 3 vaccination received,61.1,1,UG,Uganda,1995,UG1995DHS,CH_VACS_C_DP3,93886040,I,268002,268002,Source of vaccination information,Either source,258001,12-23,1,1,CHVACSCDP3,,1995,DHS,1588,1475,,,
UGA,458935,DPT 3 vaccination received,63.2,1,UG,Uganda,1995,UG1995DHS,CH_VACS_C_DP3,93886040,I,268002,268002,Source of vaccination information,Either source,258002,24-35,1,0,CHVACSCDP3,,1995,DHS,1174,1154,,,
UGA,628744,Polio 0 vaccination received,22.9,1,UG,Uganda,1995,UG1995DHS,CH_VACS_C_OP0,93886050,I,268002,268002,Source of vaccination information,Either source,258001,12-23,1,1,CHVACSCOP0,,1995,DHS,1588,1475,,,
UGA,458941,Polio 0 vaccination received,24.2,1,UG,Uganda,1995,UG1995DHS,CH_VACS_C_OP0,93886050,I,268002,268002,Source of vaccination information,Either source,258002,24-35,1,0,CHVACSCOP0,,1995,DHS,1174,1154,,,
UGA,628750,Polio 1 vaccination received,82.2,1,UG,Uganda,1995,UG1995DHS,CH_VACS_C_OP1,93886060,I,268002,268002,Source of vaccination information,Either source,258001,12-23,1,1,CHVACSCOP1,,1995,DHS,1588,1475,,,
UGA,458936,Polio 1 vaccination received,82.1,1,UG,Uganda,1995,UG1995DHS,CH_VACS_C_OP1,93886060,I,268002,268002,Source of vaccination information,Either source,258002,24-35,1,0,CHVACSCOP1,,1995,DHS,1174,1154,,,
UGA,628745,Polio 2 vaccination received,73,1,UG,Uganda,1995,UG1995DHS,CH_VACS_C_OP2,93886070,I,268002,268002,Source of vaccination information,Either source,258001,12-23,1,1,CHVACSCOP2,,1995,DHS,1588,1475,,,
UGA,458942,Polio 2 vaccination received,74.2,1,UG,Uganda,1995,UG1995DHS,CH_VACS_C_OP2,93886070,I,268002,268002,Source of vaccination information,Either source,258002,24-35,1,0,CHVACSCOP2,,1995,DHS,1174,1154,,,
UGA,628751,Polio 3 vaccination received,59,1,UG,Uganda,1995,UG1995DHS,CH_VACS_C_OP3,93886080,I,268002,268002,Source of vaccination information,Either source,258001,12-23,1,1,CHVACSCOP3,,1995,DHS,1588,1475,,,
UGA,458943,Polio 3 vaccination received,60.8,1,UG,Uganda,1995,UG1995DHS,CH_VACS_C_OP3,93886080,I,268002,268002,Source of vaccination information,Either source,258002,24-35,1,0,CHVACSCOP3,,1995,DHS,1174,1154,,,
UGA,628752,Measles vaccination received,59.6,1,UG,Uganda,1995,UG1995DHS,CH_VACS_C_MSL,93886090,I,268002,268002,Source of vaccination information,Either source,258001,12-23,1,1,CHVACSCMSL,,1995,DHS,1588,1475,,,
UGA,458944,Measles vaccination received,69.5,1,UG,Uganda,1995,UG1995DHS,CH_VACS_C_MSL,93886090,I,268002,268002,Source of vaccination information,Either source,258002,24-35,1,0,CHVACSCMSL,,1995,DHS,1174,1154,,,
UGA,628747,Fully vaccinated (8 basic antigens),47.4,1,UG,Uganda,1995,UG1995DHS,CH_VACS_C_BAS,93886230,I,268002,268002,Source of vaccination information,Either source,258001,12-23,1,1,CHVACSCBAS,,1995,DHS,1588,1475,,,
UGA,458940,Fully vaccinated (8 basic antigens),52.9,1,UG,Uganda,1995,UG1995DHS,CH_VACS_C_BAS,93886230,I,268002,268002,Source of vaccination information,Either source,258002,24-35,1,0,CHVACSCBAS,,1995,DHS,1174,1154,,,
UGA,628748,Received no vaccinations,14.4,1,UG,Uganda,1995,UG1995DHS,CH_VACS_C_NON,93886250,I,268002,268002,Source of vaccination information,Either source,258001,12-23,1,1,CHVACSCNON,,1995,DHS,1588,1475,,,
UGA,458945,Received no vaccinations,14.6,1,UG,Uganda,1995,UG1995DHS,CH_VACS_C_NON,93886250,I,268002,268002,Source of vaccination information,Either source,258002,24-35,1,0,CHVACSCNON,,1995,DHS,1174,1154,,,
UGA,638411,Number of children 12-23 months,1588,0,UG,Uganda,1995,UG1995DHS,CH_VACS_C_NUM,93886260,D,268002,268002,Source of vaccination information,Either source,258001,12-23,1,1,CHVACSCNUM,,1995,DHS,,1475,,,
UGA,347573,Number of children 12-23 months,1174,0,UG,Uganda,1995,UG1995DHS,CH_VACS_C_NUM,93886260,D,268002,268002,Source of vaccination information,Either source,258002,24-35,1,0,CHVACSCNUM,,1995,DHS,,1154,,,
UGA,500393,Number of children 12-23 months (unweighted),1475,0,UG,Uganda,1995,UG1995DHS,CH_VACS_C_UNW,93886270,U,268002,268002,Source of vaccination information,Either source,258001,12-23,1,1,CHVACSCUNW,,1995,DHS,1588,,,,
UGA,458953,Number of children 12-23 months (unweighted),1154,0,UG,Uganda,1995,UG1995DHS,CH_VACS_C_UNW,93886270,U,268002,268002,Source of vaccination information,Either source,258002,24-35,1,0,CHVACSCUNW,,1995,DHS,1174,,,,
UGA,718838,BCG vaccination received,83.6,1,UG,Uganda,1995,UG1995DHS,CH_VACC_C_BCG,93906010,I,1000,0,Total,Total,0,,1,1,CHVACCCBCG,,1995,DHS,1588,1475,,,
UGA,718835,DPT 1 vaccination received,81.7,1,UG,Uganda,1995,UG1995DHS,CH_VACC_C_DP1,93906020,I,1000,0,Total,Total,0,,1,1,CHVACCCDP1,,1995,DHS,1588,1475,,,
UGA,718839,DPT 2 vaccination received,73.5,1,UG,Uganda,1995,UG1995DHS,CH_VACC_C_DP2,93906030,I,1000,0,Total,Total,0,,1,1,CHVACCCDP2,,1995,DHS,1588,1475,,,
UGA,718836,DPT 3 vaccination received,61.1,1,UG,Uganda,1995,UG1995DHS,CH_VACC_C_DP3,93906040,I,1000,0,Total,Total,0,,1,1,CHVACCCDP3,,1995,DHS,1588,1475,,,
UGA,718840,Polio 0 vaccination received,22.9,1,UG,Uganda,1995,UG1995DHS,CH_VACC_C_OP0,93906050,I,1000,0,Total,Total,0,,1,1,CHVACCCOP0,,1995,DHS,1588,1475,,,
UGA,718841,Polio 1 vaccination received,82.2,1,UG,Uganda,1995,UG1995DHS,CH_VACC_C_OP1,93906060,I,1000,0,Total,Total,0,,1,1,CHVACCCOP1,,1995,DHS,1588,1475,,,
UGA,718842,Polio 2 vaccination received,73,1,UG,Uganda,1995,UG1995DHS,CH_VACC_C_OP2,93906070,I,1000,0,Total,Total,0,,1,1,CHVACCCOP2,,1995,DHS,1588,1475,,,
UGA,718843,Polio 3 vaccination received,59,1,UG,Uganda,1995,UG1995DHS,CH_VACC_C_OP3,93906080,I,1000,0,Total,Total,0,,1,1,CHVACCCOP3,,1995,DHS,1588,1475,,,
UGA,718844,Measles vaccination received,59.6,1,UG,Uganda,1995,UG1995DHS,CH_VACC_C_MSL,93906090,I,1000,0,Total,Total,0,,1,1,CHVACCCMSL,,1995,DHS,1588,1475,,,
UGA,718846,Fully vaccinated (8 basic antigens),47.4,1,UG,Uganda,1995,UG1995DHS,CH_VACC_C_BAS,93906230,I,1000,0,Total,Total,0,,1,1,CHVACCCBAS,,1995,DHS,1588,1475,,,
UGA,718845,Received no vaccinations,14.4,1,UG,Uganda,1995,UG1995DHS,CH_VACC_C_NON,93906250,I,1000,0,Total,Total,0,,1,1,CHVACCCNON,,1995,DHS,1588,1475,,,
UGA,722999,Number of children 12-23 months,1588,0,UG,Uganda,1995,UG1995DHS,CH_VACC_C_NUM,93906270,D,1000,0,Total,Total,0,,1,1,CHVACCCNUM,,1995,DHS,,1475,,,
UGA,186406,Number of children 12-23 months (unweighted),1475,0,UG,Uganda,1995,UG1995DHS,CH_VACC_C_UNW,93906280,U,1000,0,Total,Total,0,,1,1,CHVACCCUNW,,1995,DHS,1588,,,,
UGA,737135,BCG vaccination received in first year,78.4,1,UG,Uganda,1995,UG1995DHS,CH_VAC1_C_BCG,93936010,I,1000,0,Total,Total,0,,1,1,CHVAC1CBCG,,1995,DHS,3965,3787,,,
UGA,737124,DPT 1 vaccination received in first year,75.9,1,UG,Uganda,1995,UG1995DHS,CH_VAC1_C_DP1,93936020,I,1000,0,Total,Total,0,,1,1,CHVAC1CDP1,,1995,DHS,3965,3787,,,
UGA,737125,DPT 2 vaccination received in first year,67.6,1,UG,Uganda,1995,UG1995DHS,CH_VAC1_C_DP2,93936030,I,1000,0,Total,Total,0,,1,1,CHVAC1CDP2,,1995,DHS,3965,3787,,,
UGA,737126,DPT 3 vaccination received in first year,55.8,1,UG,Uganda,1995,UG1995DHS,CH_VAC1_C_DP3,93936040,I,1000,0,Total,Total,0,,1,1,CHVAC1CDP3,,1995,DHS,3965,3787,,,
UGA,737130,Polio 0 vaccination received in first year,22.8,1,UG,Uganda,1995,UG1995DHS,CH_VAC1_C_OP0,93936050,I,1000,0,Total,Total,0,,1,1,CHVAC1COP0,,1995,DHS,3965,3787,,,
UGA,737132,Polio 1 vaccination received in first year,76.2,1,UG,Uganda,1995,UG1995DHS,CH_VAC1_C_OP1,93936060,I,1000,0,Total,Total,0,,1,1,CHVAC1COP1,,1995,DHS,3965,3787,,,
UGA,737131,Polio 2 vaccination received in first year,67.3,1,UG,Uganda,1995,UG1995DHS,CH_VAC1_C_OP2,93936070,I,1000,0,Total,Total,0,,1,1,CHVAC1COP2,,1995,DHS,3965,3787,,,
UGA,737133,Polio 3 vaccination received in first year,53,1,UG,Uganda,1995,UG1995DHS,CH_VAC1_C_OP3,93936080,I,1000,0,Total,Total,0,,1,1,CHVAC1COP3,,1995,DHS,3965,3787,,,
UGA,737134,Measles vaccination received in first year,37.1,1,UG,Uganda,1995,UG1995DHS,CH_VAC1_C_MSL,93936090,I,1000,0,Total,Total,0,,1,1,CHVAC1CMSL,,1995,DHS,3965,3787,,,
UGA,737127,Fully vaccinated (8 basic antigens),28.8,1,UG,Uganda,1995,UG1995DHS,CH_VAC1_C_BAS,93936230,I,1000,0,Total,Total,0,,1,1,CHVAC1CBAS,,1995,DHS,3965,3787,,,
UGA,737128,Received no vaccinations in first year,50.8,1,UG,Uganda,1995,UG1995DHS,CH_VAC1_C_NON,93936250,I,1000,0,Total,Total,0,,1,1,CHVAC1CNON,,1995,DHS,3965,3787,,,
UGA,737129,Percentage showing a vaccination card,53.5,1,UG,Uganda,1995,UG1995DHS,CH_VAC1_C_VCD,93936260,I,1000,0,Total,Total,0,,1,1,CHVAC1CVCD,,1995,DHS,3965,3787,,,
UGA,744384,Number of children one to four years of age,3965,0,UG,Uganda,1995,UG1995DHS,CH_VAC1_C_NUM,93936270,D,1000,0,Total,Total,0,,1,1,CHVAC1CNUM,,1995,DHS,,3787,,,
UGA,456756,Number of children one to four years of age (unweighted),3787,0,UG,Uganda,1995,UG1995DHS,CH_VAC1_C_UNW,93936280,U,1000,0,Total,Total,0,,1,1,CHVAC1CUNW,,1995,DHS,3965,,,,
UGA,710932,BCG vaccination received,78.7,1,UG,Uganda,2000,UG2000DHS,CH_VACS_C_BCG,93886010,I,268002,268002,Source of vaccination information,Either source,258001,12-23,1,1,CHVACSCBCG,,2000-01,DHS,1504,1400,,,
UGA,738698,BCG vaccination received,83.1,1,UG,Uganda,2000,UG2000DHS,CH_VACS_C_BCG,93886010,I,268002,268002,Source of vaccination information,Either source,258002,24-35,1,0,CHVACSCBCG,,2000-01,DHS,1256,1189,,,
UGA,710933,DPT 1 vaccination received,77,1,UG,Uganda,2000,UG2000DHS,CH_VACS_C_DP1,93886020,I,268002,268002,Source of vaccination information,Either source,258001,12-23,1,1,CHVACSCDP1,,2000-01,DHS,1504,1400,,,
UGA,738699,DPT 1 vaccination received,82.5,1,UG,Uganda,2000,UG2000DHS,CH_VACS_C_DP1,93886020,I,268002,268002,Source of vaccination information,Either source,258002,24-35,1,0,CHVACSCDP1,,2000-01,DHS,1256,1189,,,
UGA,710934,DPT 2 vaccination received,63.9,1,UG,Uganda,2000,UG2000DHS,CH_VACS_C_DP2,93886030,I,268002,268002,Source of vaccination information,Either source,258001,12-23,1,1,CHVACSCDP2,,2000-01,DHS,1504,1400,,,
UGA,738700,DPT 2 vaccination received,72.6,1,UG,Uganda,2000,UG2000DHS,CH_VACS_C_DP2,93886030,I,268002,268002,Source of vaccination information,Either source,258002,24-35,1,0,CHVACSCDP2,,2000-01,DHS,1256,1189,,,
UGA,710937,DPT 3 vaccination received,46.1,1,UG,Uganda,2000,UG2000DHS,CH_VACS_C_DP3,93886040,I,268002,268002,Source of vaccination information,Either source,258001,12-23,1,1,CHVACSCDP3,,2000-01,DHS,1504,1400,,,
UGA,738703,DPT 3 vaccination received,56.6,1,UG,Uganda,2000,UG2000DHS,CH_VACS_C_DP3,93886040,I,268002,268002,Source of vaccination information,Either source,258002,24-35,1,0,CHVACSCDP3,,2000-01,DHS,1256,1189,,,
UGA,710927,Polio 0 vaccination received,33.2,1,UG,Uganda,2000,UG2000DHS,CH_VACS_C_OP0,93886050,I,268002,268002,Source of vaccination information,Either source,258001,12-23,1,1,CHVACSCOP0,,2000-01,DHS,1504,1400,,,
UGA,738697,Polio 0 vaccination received,32.1,1,UG,Uganda,2000,UG2000DHS,CH_VACS_C_OP0,93886050,I,268002,268002,Source of vaccination information,Either source,258002,24-35,1,0,CHVACSCOP0,,2000-01,DHS,1256,1189,,,
UGA,710938,Polio 1 vaccination received,83.9,1,UG,Uganda,2000,UG2000DHS,CH_VACS_C_OP1,93886060,I,268002,268002,Source of vaccination information,Either source,258001,12-23,1,1,CHVACSCOP1,,2000-01,DHS,1504,1400,,,
UGA,738704,Polio 1 vaccination received,88.2,1,UG,Uganda,2000,UG2000DHS,CH_VACS_C_OP1,93886060,I,268002,268002,Source of vaccination information,Either source,258002,24-35,1,0,CHVACSCOP1,,2000-01,DHS,1256,1189,,,
UGA,710928,Polio 2 vaccination received,72.2,1,UG,Uganda,2000,UG2000DHS,CH_VACS_C_OP2,93886070,I,268002,268002,Source of vaccination information,Either source,258001,12-23,1,1,CHVACSCOP2,,2000-01,DHS,1504,1400,,,
UGA,738707,Polio 2 vaccination received,81.8,1,UG,Uganda,2000,UG2000DHS,CH_VACS_C_OP2,93886070,I,268002,268002,Source of vaccination information,Either source,258002,24-35,1,0,CHVACSCOP2,,2000-01,DHS,1256,1189,,,
UGA,710930,Polio 3 vaccination received,54.1,1,UG,Uganda,2000,UG2000DHS,CH_VACS_C_OP3,93886080,I,268002,268002,Source of vaccination information,Either source,258001,12-23,1,1,CHVACSCOP3,,2000-01,DHS,1504,1400,,,
UGA,738705,Polio 3 vaccination received,62.2,1,UG,Uganda,2000,UG2000DHS,CH_VACS_C_OP3,93886080,I,268002,268002,Source of vaccination information,Either source,258002,24-35,1,0,CHVACSCOP3,,2000-01,DHS,1256,1189,,,
UGA,710931,Measles vaccination received,56.8,1,UG,Uganda,2000,UG2000DHS,CH_VACS_C_MSL,93886090,I,268002,268002,Source of vaccination information,Either source,258001,12-23,1,1,CHVACSCMSL,,2000-01,DHS,1504,1400,,,
UGA,738706,Measles vaccination received,70.8,1,UG,Uganda,2000,UG2000DHS,CH_VACS_C_MSL,93886090,I,268002,268002,Source of vaccination information,Either source,258002,24-35,1,0,CHVACSCMSL,,2000-01,DHS,1256,1189,,,
UGA,710935,Fully vaccinated (8 basic antigens),36.7,1,UG,Uganda,2000,UG2000DHS,CH_VACS_C_BAS,93886230,I,268002,268002,Source of vaccination information,Either source,258001,12-23,1,1,CHVACSCBAS,,2000-01,DHS,1504,1400,,,
UGA,738701,Fully vaccinated (8 basic antigens),46.3,1,UG,Uganda,2000,UG2000DHS,CH_VACS_C_BAS,93886230,I,268002,268002,Source of vaccination information,Either source,258002,24-35,1,0,CHVACSCBAS,,2000-01,DHS,1256,1189,,,
UGA,710936,Received no vaccinations,12.8,1,UG,Uganda,2000,UG2000DHS,CH_VACS_C_NON,93886250,I,268002,268002,Source of vaccination information,Either source,258001,12-23,1,1,CHVACSCNON,,2000-01,DHS,1504,1400,,,
UGA,738702,Received no vaccinations,8.4,1,UG,Uganda,2000,UG2000DHS,CH_VACS_C_NON,93886250,I,268002,268002,Source of vaccination information,Either source,258002,24-35,1,0,CHVACSCNON,,2000-01,DHS,1256,1189,,,
UGA,714000,Number of children 12-23 months,1504,0,UG,Uganda,2000,UG2000DHS,CH_VACS_C_NUM,93886260,D,268002,268002,Source of vaccination information,Either source,258001,12-23,1,1,CHVACSCNUM,,2000-01,DHS,,1400,,,
UGA,743084,Number of children 12-23 months,1256,0,UG,Uganda,2000,UG2000DHS,CH_VACS_C_NUM,93886260,D,268002,268002,Source of vaccination information,Either source,258002,24-35,1,0,CHVACSCNUM,,2000-01,DHS,,1189,,,
UGA,433708,Number of children 12-23 months (unweighted),1400,0,UG,Uganda,2000,UG2000DHS,CH_VACS_C_UNW,93886270,U,268002,268002,Source of vaccination information,Either source,258001,12-23,1,1,CHVACSCUNW,,2000-01,DHS,1504,,,,
UGA,507408,Number of children 12-23 months (unweighted),1189,0,UG,Uganda,2000,UG2000DHS,CH_VACS_C_UNW,93886270,U,268002,268002,Source of vaccination information,Either source,258002,24-35,1,0,CHVACSCUNW,,2000-01,DHS,1256,,,,
UGA,558024,BCG vaccination received,78.7,1,UG,Uganda,2000,UG2000DHS,CH_VACC_C_BCG,93906010,I,1000,0,Total,Total,0,,1,1,CHVACCCBCG,,2000-01,DHS,1504,1400,,,
UGA,558023,DPT 1 vaccination received,77,1,UG,Uganda,2000,UG2000DHS,CH_VACC_C_DP1,93906020,I,1000,0,Total,Total,0,,1,1,CHVACCCDP1,,2000-01,DHS,1504,1400,,,
UGA,558025,DPT 2 vaccination received,63.9,1,UG,Uganda,2000,UG2000DHS,CH_VACC_C_DP2,93906030,I,1000,0,Total,Total,0,,1,1,CHVACCCDP2,,2000-01,DHS,1504,1400,,,
UGA,558031,DPT 3 vaccination received,46.1,1,UG,Uganda,2000,UG2000DHS,CH_VACC_C_DP3,93906040,I,1000,0,Total,Total,0,,1,1,CHVACCCDP3,,2000-01,DHS,1504,1400,,,
UGA,558027,Polio 0 vaccination received,33.2,1,UG,Uganda,2000,UG2000DHS,CH_VACC_C_OP0,93906050,I,1000,0,Total,Total,0,,1,1,CHVACCCOP0,,2000-01,DHS,1504,1400,,,
UGA,558028,Polio 1 vaccination received,83.9,1,UG,Uganda,2000,UG2000DHS,CH_VACC_C_OP1,93906060,I,1000,0,Total,Total,0,,1,1,CHVACCCOP1,,2000-01,DHS,1504,1400,,,
UGA,558029,Polio 2 vaccination received,72.2,1,UG,Uganda,2000,UG2000DHS,CH_VACC_C_OP2,93906070,I,1000,0,Total,Total,0,,1,1,CHVACCCOP2,,2000-01,DHS,1504,1400,,,
UGA,558030,Polio 3 vaccination received,54.1,1,UG,Uganda,2000,UG2000DHS,CH_VACC_C_OP3,93906080,I,1000,0,Total,Total,0,,1,1,CHVACCCOP3,,2000-01,DHS,1504,1400,,,
UGA,558032,Measles vaccination received,56.8,1,UG,Uganda,2000,UG2000DHS,CH_VACC_C_MSL,93906090,I,1000,0,Total,Total,0,,1,1,CHVACCCMSL,,2000-01,DHS,1504,1400,,,
UGA,558026,Fully vaccinated (8 basic antigens),36.7,1,UG,Uganda,2000,UG2000DHS,CH_VACC_C_BAS,93906230,I,1000,0,Total,Total,0,,1,1,CHVACCCBAS,,2000-01,DHS,1504,1400,,,
UGA,558033,Received no vaccinations,12.8,1,UG,Uganda,2000,UG2000DHS,CH_VACC_C_NON,93906250,I,1000,0,Total,Total,0,,1,1,CHVACCCNON,,2000-01,DHS,1504,1400,,,
UGA,563196,Number of children 12-23 months,1504,0,UG,Uganda,2000,UG2000DHS,CH_VACC_C_NUM,93906270,D,1000,0,Total,Total,0,,1,1,CHVACCCNUM,,2000-01,DHS,,1400,,,
UGA,408017,Number of children 12-23 months (unweighted),1400,0,UG,Uganda,2000,UG2000DHS,CH_VACC_C_UNW,93906280,U,1000,0,Total,Total,0,,1,1,CHVACCCUNW,,2000-01,DHS,1504,,,,
UGA,623085,BCG vaccination received in first year,78.6,1,UG,Uganda,2000,UG2000DHS,CH_VAC1_C_BCG,93936010,I,1000,0,Total,Total,0,,1,1,CHVAC1CBCG,,2000-01,DHS,5326,4961,,,
UGA,623086,DPT 1 vaccination received in first year,76.2,1,UG,Uganda,2000,UG2000DHS,CH_VAC1_C_DP1,93936020,I,1000,0,Total,Total,0,,1,1,CHVAC1CDP1,,2000-01,DHS,5326,4961,,,
UGA,623087,DPT 2 vaccination received in first year,65.1,1,UG,Uganda,2000,UG2000DHS,CH_VAC1_C_DP2,93936030,I,1000,0,Total,Total,0,,1,1,CHVAC1CDP2,,2000-01,DHS,5326,4961,,,
UGA,623088,DPT 3 vaccination received in first year,49,1,UG,Uganda,2000,UG2000DHS,CH_VAC1_C_DP3,93936040,I,1000,0,Total,Total,0,,1,1,CHVAC1CDP3,,2000-01,DHS,5326,4961,,,
UGA,623082,Polio 0 vaccination received in first year,30.4,1,UG,Uganda,2000,UG2000DHS,CH_VAC1_C_OP0,93936050,I,1000,0,Total,Total,0,,1,1,CHVAC1COP0,,2000-01,DHS,5326,4961,,,
UGA,623080,Polio 1 vaccination received in first year,82.8,1,UG,Uganda,2000,UG2000DHS,CH_VAC1_C_OP1,93936060,I,1000,0,Total,Total,0,,1,1,CHVAC1COP1,,2000-01,DHS,5326,4961,,,
UGA,623083,Polio 2 vaccination received in first year,73.8,1,UG,Uganda,2000,UG2000DHS,CH_VAC1_C_OP2,93936070,I,1000,0,Total,Total,0,,1,1,CHVAC1COP2,,2000-01,DHS,5326,4961,,,
UGA,623081,Polio 3 vaccination received in first year,55.8,1,UG,Uganda,2000,UG2000DHS,CH_VAC1_C_OP3,93936080,I,1000,0,Total,Total,0,,1,1,CHVAC1COP3,,2000-01,DHS,5326,4961,,,
UGA,623084,Measles vaccination received in first year,27.7,1,UG,Uganda,2000,UG2000DHS,CH_VAC1_C_MSL,93936090,I,1000,0,Total,Total,0,,1,1,CHVAC1CMSL,,2000-01,DHS,5326,4961,,,
UGA,623089,Fully vaccinated (8 basic antigens),18.7,1,UG,Uganda,2000,UG2000DHS,CH_VAC1_C_BAS,93936230,I,1000,0,Total,Total,0,,1,1,CHVAC1CBAS,,2000-01,DHS,5326,4961,,,
UGA,623092,Received no vaccinations in first year,60,1,UG,Uganda,2000,UG2000DHS,CH_VAC1_C_NON,93936250,I,1000,0,Total,Total,0,,1,1,CHVAC1CNON,,2000-01,DHS,5326,4961,,,
UGA,623093,Percentage showing a vaccination card,37.3,1,UG,Uganda,2000,UG2000DHS,CH_VAC1_C_VCD,93936260,I,1000,0,Total,Total,0,,1,1,CHVAC1CVCD,,2000-01,DHS,5326,4961,,,
UGA,623091,Number of children one to four years of age,5326,0,UG,Uganda,2000,UG2000DHS,CH_VAC1_C_NUM,93936270,D,1000,0,Total,Total,0,,1,1,CHVAC1CNUM,,2000-01,DHS,,4961,,,
UGA,347761,Number of children one to four years of age (unweighted),4961,0,UG,Uganda,2000,UG2000DHS,CH_VAC1_C_UNW,93936280,U,1000,0,Total,Total,0,,1,1,CHVAC1CUNW,,2000-01,DHS,5326,,,,
UGA,567541,BCG vaccination received,90.5,1,UG,Uganda,2006,UG2006DHS,CH_VACS_C_BCG,93886010,I,268002,268002,Source of vaccination information,Either source,258001,12-23,1,1,CHVACSCBCG,,2006,DHS,1590,1573,,,
UGA,82306,BCG vaccination received,91.9,1,UG,Uganda,2006,UG2006DHS,CH_VACS_C_BCG,93886010,I,268002,268002,Source of vaccination information,Either source,258002,24-35,1,0,CHVACSCBCG,,2006,DHS,1528,1498,,,
UGA,567501,DPT 1 vaccination received,89.8,1,UG,Uganda,2006,UG2006DHS,CH_VACS_C_DP1,93886020,I,268002,268002,Source of vaccination information,Either source,258001,12-23,1,1,CHVACSCDP1,,2006,DHS,1590,1573,,,
UGA,82311,DPT 1 vaccination received,91.4,1,UG,Uganda,2006,UG2006DHS,CH_VACS_C_DP1,93886020,I,268002,268002,Source of vaccination information,Either source,258002,24-35,1,0,CHVACSCDP1,,2006,DHS,1528,1498,,,
UGA,567502,DPT 2 vaccination received,80.8,1,UG,Uganda,2006,UG2006DHS,CH_VACS_C_DP2,93886030,I,268002,268002,Source of vaccination information,Either source,258001,12-23,1,1,CHVACSCDP2,,2006,DHS,1590,1573,,,
UGA,82312,DPT 2 vaccination received,83.7,1,UG,Uganda,2006,UG2006DHS,CH_VACS_C_DP2,93886030,I,268002,268002,Source of vaccination information,Either source,258002,24-35,1,0,CHVACSCDP2,,2006,DHS,1528,1498,,,
UGA,567539,DPT 3 vaccination received,63.9,1,UG,Uganda,2006,UG2006DHS,CH_VACS_C_DP3,93886040,I,268002,268002,Source of vaccination information,Either source,258001,12-23,1,1,CHVACSCDP3,,2006,DHS,1590,1573,,,
UGA,82309,DPT 3 vaccination received,68,1,UG,Uganda,2006,UG2006DHS,CH_VACS_C_DP3,93886040,I,268002,268002,Source of vaccination information,Either source,258002,24-35,1,0,CHVACSCDP3,,2006,DHS,1528,1498,,,
UGA,567505,Polio 0 vaccination received,45,1,UG,Uganda,2006,UG2006DHS,CH_VACS_C_OP0,93886050,I,268002,268002,Source of vaccination information,Either source,258001,12-23,1,1,CHVACSCOP0,,2006,DHS,1590,1573,,,
UGA,82307,Polio 0 vaccination received,47.1,1,UG,Uganda,2006,UG2006DHS,CH_VACS_C_OP0,93886050,I,268002,268002,Source of vaccination information,Either source,258002,24-35,1,0,CHVACSCOP0,,2006,DHS,1528,1498,,,
UGA,567540,Polio 1 vaccination received,90.3,1,UG,Uganda,2006,UG2006DHS,CH_VACS_C_OP1,93886060,I,268002,268002,Source of vaccination information,Either source,258001,12-23,1,1,CHVACSCOP1,,2006,DHS,1590,1573,,,
UGA,82310,Polio 1 vaccination received,93.4,1,UG,Uganda,2006,UG2006DHS,CH_VACS_C_OP1,93886060,I,268002,268002,Source of vaccination information,Either source,258002,24-35,1,0,CHVACSCOP1,,2006,DHS,1528,1498,,,
UGA,567512,Polio 2 vaccination received,81.3,1,UG,Uganda,2006,UG2006DHS,CH_VACS_C_OP2,93886070,I,268002,268002,Source of vaccination information,Either source,258001,12-23,1,1,CHVACSCOP2,,2006,DHS,1590,1573,,,
UGA,82308,Polio 2 vaccination received,84.1,1,UG,Uganda,2006,UG2006DHS,CH_VACS_C_OP2,93886070,I,268002,268002,Source of vaccination information,Either source,258002,24-35,1,0,CHVACSCOP2,,2006,DHS,1528,1498,,,
UGA,567514,Polio 3 vaccination received,59.3,1,UG,Uganda,2006,UG2006DHS,CH_VACS_C_OP3,93886080,I,268002,268002,Source of vaccination information,Either source,258001,12-23,1,1,CHVACSCOP3,,2006,DHS,1590,1573,,,
UGA,82317,Polio 3 vaccination received,60.2,1,UG,Uganda,2006,UG2006DHS,CH_VACS_C_OP3,93886080,I,268002,268002,Source of vaccination information,Either source,258002,24-35,1,0,CHVACSCOP3,,2006,DHS,1528,1498,,,
UGA,567521,Measles vaccination received,68.1,1,UG,Uganda,2006,UG2006DHS,CH_VACS_C_MSL,93886090,I,268002,268002,Source of vaccination information,Either source,258001,12-23,1,1,CHVACSCMSL,,2006,DHS,1590,1573,,,
UGA,82318,Measles vaccination received,79.2,1,UG,Uganda,2006,UG2006DHS,CH_VACS_C_MSL,93886090,I,268002,268002,Source of vaccination information,Either source,258002,24-35,1,0,CHVACSCMSL,,2006,DHS,1528,1498,,,
UGA,567503,Fully vaccinated (8 basic antigens),46.2,1,UG,Uganda,2006,UG2006DHS,CH_VACS_C_BAS,93886230,I,268002,268002,Source of vaccination information,Either source,258001,12-23,1,1,CHVACSCBAS,,2006,DHS,1590,1573,,,
UGA,82313,Fully vaccinated (8 basic antigens),50.1,1,UG,Uganda,2006,UG2006DHS,CH_VACS_C_BAS,93886230,I,268002,268002,Source of vaccination information,Either source,258002,24-35,1,0,CHVACSCBAS,,2006,DHS,1528,1498,,,
UGA,567504,Received no vaccinations,6.6,1,UG,Uganda,2006,UG2006DHS,CH_VACS_C_NON,93886250,I,268002,268002,Source of vaccination information,Either source,258001,12-23,1,1,CHVACSCNON,,2006,DHS,1590,1573,,,
UGA,82314,Received no vaccinations,4.8,1,UG,Uganda,2006,UG2006DHS,CH_VACS_C_NON,93886250,I,268002,268002,Source of vaccination information,Either source,258002,24-35,1,0,CHVACSCNON,,2006,DHS,1528,1498,,,
UGA,574412,Number of children 12-23 months,1590,0,UG,Uganda,2006,UG2006DHS,CH_VACS_C_NUM,93886260,D,268002,268002,Source of vaccination information,Either source,258001,12-23,1,1,CHVACSCNUM,,2006,DHS,,1573,,,
UGA,82315,Number of children 12-23 months,1528,0,UG,Uganda,2006,UG2006DHS,CH_VACS_C_NUM,93886260,D,268002,268002,Source of vaccination information,Either source,258002,24-35,1,0,CHVACSCNUM,,2006,DHS,,1498,,,
UGA,468768,Number of children 12-23 months (unweighted),1573,0,UG,Uganda,2006,UG2006DHS,CH_VACS_C_UNW,93886270,U,268002,268002,Source of vaccination information,Either source,258001,12-23,1,1,CHVACSCUNW,,2006,DHS,1590,,,,
UGA,355953,Number of children 12-23 months (unweighted),1498,0,UG,Uganda,2006,UG2006DHS,CH_VACS_C_UNW,93886270,U,268002,268002,Source of vaccination information,Either source,258002,24-35,1,0,CHVACSCUNW,,2006,DHS,1528,,,,
UGA,355973,BCG vaccination received,90.5,1,UG,Uganda,2006,UG2006DHS,CH_VACC_C_BCG,93906010,I,1000,0,Total,Total,0,,1,1,CHVACCCBCG,,2006,DHS,1590,1573,,,
UGA,355968,DPT 1 vaccination received,89.8,1,UG,Uganda,2006,UG2006DHS,CH_VACC_C_DP1,93906020,I,1000,0,Total,Total,0,,1,1,CHVACCCDP1,,2006,DHS,1590,1573,,,
UGA,355974,DPT 2 vaccination received,80.8,1,UG,Uganda,2006,UG2006DHS,CH_VACC_C_DP2,93906030,I,1000,0,Total,Total,0,,1,1,CHVACCCDP2,,2006,DHS,1590,1573,,,
UGA,355969,DPT 3 vaccination received,63.9,1,UG,Uganda,2006,UG2006DHS,CH_VACC_C_DP3,93906040,I,1000,0,Total,Total,0,,1,1,CHVACCCDP3,,2006,DHS,1590,1573,,,
UGA,355976,Polio 0 vaccination received,45,1,UG,Uganda,2006,UG2006DHS,CH_VACC_C_OP0,93906050,I,1000,0,Total,Total,0,,1,1,CHVACCCOP0,,2006,DHS,1590,1573,,,
UGA,355977,Polio 1 vaccination received,90.3,1,UG,Uganda,2006,UG2006DHS,CH_VACC_C_OP1,93906060,I,1000,0,Total,Total,0,,1,1,CHVACCCOP1,,2006,DHS,1590,1573,,,
UGA,355978,Polio 2 vaccination received,81.3,1,UG,Uganda,2006,UG2006DHS,CH_VACC_C_OP2,93906070,I,1000,0,Total,Total,0,,1,1,CHVACCCOP2,,2006,DHS,1590,1573,,,
UGA,355981,Polio 3 vaccination received,59.3,1,UG,Uganda,2006,UG2006DHS,CH_VACC_C_OP3,93906080,I,1000,0,Total,Total,0,,1,1,CHVACCCOP3,,2006,DHS,1590,1573,,,
UGA,355970,Measles vaccination received,68.1,1,UG,Uganda,2006,UG2006DHS,CH_VACC_C_MSL,93906090,I,1000,0,Total,Total,0,,1,1,CHVACCCMSL,,2006,DHS,1590,1573,,,
UGA,355975,Fully vaccinated (8 basic antigens),46.2,1,UG,Uganda,2006,UG2006DHS,CH_VACC_C_BAS,93906230,I,1000,0,Total,Total,0,,1,1,CHVACCCBAS,,2006,DHS,1590,1573,,,
UGA,355972,Received no vaccinations,6.6,1,UG,Uganda,2006,UG2006DHS,CH_VACC_C_NON,93906250,I,1000,0,Total,Total,0,,1,1,CHVACCCNON,,2006,DHS,1590,1573,,,
UGA,355982,Number of children 12-23 months,1590,0,UG,Uganda,2006,UG2006DHS,CH_VACC_C_NUM,93906270,D,1000,0,Total,Total,0,,1,1,CHVACCCNUM,,2006,DHS,,1573,,,
UGA,355979,Number of children 12-23 months (unweighted),1573,0,UG,Uganda,2006,UG2006DHS,CH_VACC_C_UNW,93906280,U,1000,0,Total,Total,0,,1,1,CHVACCCUNW,,2006,DHS,1590,,,,
UGA,182293,BCG vaccination received in first year,89.1,1,UG,Uganda,2006,UG2006DHS,CH_VAC1_C_BCG,93936010,I,1000,0,Total,Total,0,,1,1,CHVAC1CBCG,,2006,DHS,6074,5988,,,
UGA,182294,DPT 1 vaccination received in first year,86.8,1,UG,Uganda,2006,UG2006DHS,CH_VAC1_C_DP1,93936020,I,1000,0,Total,Total,0,,1,1,CHVAC1CDP1,,2006,DHS,6074,5988,,,
UGA,182295,DPT 2 vaccination received in first year,77.2,1,UG,Uganda,2006,UG2006DHS,CH_VAC1_C_DP2,93936030,I,1000,0,Total,Total,0,,1,1,CHVAC1CDP2,,2006,DHS,6074,5988,,,
UGA,182296,DPT 3 vaccination received in first year,59.2,1,UG,Uganda,2006,UG2006DHS,CH_VAC1_C_DP3,93936040,I,1000,0,Total,Total,0,,1,1,CHVAC1CDP3,,2006,DHS,6074,5988,,,
UGA,182292,Polio 0 vaccination received in first year,45,1,UG,Uganda,2006,UG2006DHS,CH_VAC1_C_OP0,93936050,I,1000,0,Total,Total,0,,1,1,CHVAC1COP0,,2006,DHS,6074,5988,,,
UGA,182291,Polio 1 vaccination received in first year,88.3,1,UG,Uganda,2006,UG2006DHS,CH_VAC1_C_OP1,93936060,I,1000,0,Total,Total,0,,1,1,CHVAC1COP1,,2006,DHS,6074,5988,,,
UGA,182301,Polio 2 vaccination received in first year,78.5,1,UG,Uganda,2006,UG2006DHS,CH_VAC1_C_OP2,93936070,I,1000,0,Total,Total,0,,1,1,CHVAC1COP2,,2006,DHS,6074,5988,,,
UGA,182302,Polio 3 vaccination received in first year,52.2,1,UG,Uganda,2006,UG2006DHS,CH_VAC1_C_OP3,93936080,I,1000,0,Total,Total,0,,1,1,CHVAC1COP3,,2006,DHS,6074,5988,,,
UGA,182300,Measles vaccination received in first year,32.6,1,UG,Uganda,2006,UG2006DHS,CH_VAC1_C_MSL,93936090,I,1000,0,Total,Total,0,,1,1,CHVAC1CMSL,,2006,DHS,6074,5988,,,
UGA,182297,Fully vaccinated (8 basic antigens),21.4,1,UG,Uganda,2006,UG2006DHS,CH_VAC1_C_BAS,93936230,I,1000,0,Total,Total,0,,1,1,CHVAC1CBAS,,2006,DHS,6074,5988,,,
UGA,182298,Received no vaccinations in first year,40,1,UG,Uganda,2006,UG2006DHS,CH_VAC1_C_NON,93936250,I,1000,0,Total,Total,0,,1,1,CHVAC1CNON,,2006,DHS,6074,5988,,,
UGA,182299,Percentage showing a vaccination card,49.8,1,UG,Uganda,2006,UG2006DHS,CH_VAC1_C_VCD,93936260,I,1000,0,Total,Total,0,,1,1,CHVAC1CVCD,,2006,DHS,6074,5988,,,
UGA,355989,Number of children one to four years of age,6074,0,UG,Uganda,2006,UG2006DHS,CH_VAC1_C_NUM,93936270,D,1000,0,Total,Total,0,,1,1,CHVAC1CNUM,,2006,DHS,,5988,,,
UGA,182308,Number of children one to four years of age (unweighted),5988,0,UG,Uganda,2006,UG2006DHS,CH_VAC1_C_UNW,93936280,U,1000,0,Total,Total,0,,1,1,CHVAC1CUNW,,2006,DHS,6074,,,,
UGA,27594,BCG vaccination received,93.7,1,UG,Uganda,2011,UG2011DHS,CH_VACS_C_BCG,93886010,I,268002,268002,Source of vaccination information,Either source,258001,12-23,1,1,CHVACSCBCG,,2011,DHS,1480,1427,,,
UGA,648955,BCG vaccination received,94.3,1,UG,Uganda,2011,UG2011DHS,CH_VACS_C_BCG,93886010,I,268002,268002,Source of vaccination information,Either source,258002,24-35,1,0,CHVACSCBCG,,2011,DHS,1515,1471,,,
UGA,27595,DPT 1 vaccination received,93.1,1,UG,Uganda,2011,UG2011DHS,CH_VACS_C_DP1,93886020,I,268002,268002,Source of vaccination information,Either source,258001,12-23,1,1,CHVACSCDP1,,2011,DHS,1480,1427,,,
UGA,648956,DPT 1 vaccination received,92.8,1,UG,Uganda,2011,UG2011DHS,CH_VACS_C_DP1,93886020,I,268002,268002,Source of vaccination information,Either source,258002,24-35,1,0,CHVACSCDP1,,2011,DHS,1515,1471,,,
UGA,27598,DPT 2 vaccination received,85.4,1,UG,Uganda,2011,UG2011DHS,CH_VACS_C_DP2,93886030,I,268002,268002,Source of vaccination information,Either source,258001,12-23,1,1,CHVACSCDP2,,2011,DHS,1480,1427,,,
UGA,648957,DPT 2 vaccination received,85.6,1,UG,Uganda,2011,UG2011DHS,CH_VACS_C_DP2,93886030,I,268002,268002,Source of vaccination information,Either source,258002,24-35,1,0,CHVACSCDP2,,2011,DHS,1515,1471,,,
UGA,27596,DPT 3 vaccination received,71.5,1,UG,Uganda,2011,UG2011DHS,CH_VACS_C_DP3,93886040,I,268002,268002,Source of vaccination information,Either source,258001,12-23,1,1,CHVACSCDP3,,2011,DHS,1480,1427,,,
UGA,648960,DPT 3 vaccination received,71.8,1,UG,Uganda,2011,UG2011DHS,CH_VACS_C_DP3,93886040,I,268002,268002,Source of vaccination information,Either source,258002,24-35,1,0,CHVACSCDP3,,2011,DHS,1515,1471,,,
UGA,27599,Polio 0 vaccination received,67.1,1,UG,Uganda,2011,UG2011DHS,CH_VACS_C_OP0,93886050,I,268002,268002,Source of vaccination information,Either source,258001,12-23,1,1,CHVACSCOP0,,2011,DHS,1480,1427,,,
UGA,648968,Polio 0 vaccination received,67.4,1,UG,Uganda,2011,UG2011DHS,CH_VACS_C_OP0,93886050,I,268002,268002,Source of vaccination information,Either source,258002,24-35,1,0,CHVACSCOP0,,2011,DHS,1515,1471,,,
UGA,27597,Polio 1 vaccination received,93.3,1,UG,Uganda,2011,UG2011DHS,CH_VACS_C_OP1,93886060,I,268002,268002,Source of vaccination information,Either source,258001,12-23,1,1,CHVACSCOP1,,2011,DHS,1480,1427,,,
UGA,648967,Polio 1 vaccination received,93.6,1,UG,Uganda,2011,UG2011DHS,CH_VACS_C_OP1,93886060,I,268002,268002,Source of vaccination information,Either source,258002,24-35,1,0,CHVACSCOP1,,2011,DHS,1515,1471,,,
UGA,27600,Polio 2 vaccination received,83.4,1,UG,Uganda,2011,UG2011DHS,CH_VACS_C_OP2,93886070,I,268002,268002,Source of vaccination information,Either source,258001,12-23,1,1,CHVACSCOP2,,2011,DHS,1480,1427,,,
UGA,648969,Polio 2 vaccination received,84.4,1,UG,Uganda,2011,UG2011DHS,CH_VACS_C_OP2,93886070,I,268002,268002,Source of vaccination information,Either source,258002,24-35,1,0,CHVACSCOP2,,2011,DHS,1515,1471,,,
UGA,27601,Polio 3 vaccination received,62.9,1,UG,Uganda,2011,UG2011DHS,CH_VACS_C_OP3,93886080,I,268002,268002,Source of vaccination information,Either source,258001,12-23,1,1,CHVACSCOP3,,2011,DHS,1480,1427,,,
UGA,648971,Polio 3 vaccination received,60.7,1,UG,Uganda,2011,UG2011DHS,CH_VACS_C_OP3,93886080,I,268002,268002,Source of vaccination information,Either source,258002,24-35,1,0,CHVACSCOP3,,2011,DHS,1515,1471,,,
UGA,27586,Measles vaccination received,75.8,1,UG,Uganda,2011,UG2011DHS,CH_VACS_C_MSL,93886090,I,268002,268002,Source of vaccination information,Either source,258001,12-23,1,1,CHVACSCMSL,,2011,DHS,1480,1427,,,
UGA,648989,Measles vaccination received,82.1,1,UG,Uganda,2011,UG2011DHS,CH_VACS_C_MSL,93886090,I,268002,268002,Source of vaccination information,Either source,258002,24-35,1,0,CHVACSCMSL,,2011,DHS,1515,1471,,,
UGA,27602,Fully vaccinated (8 basic antigens),51.6,1,UG,Uganda,2011,UG2011DHS,CH_VACS_C_BAS,93886230,I,268002,268002,Source of vaccination information,Either source,258001,12-23,1,1,CHVACSCBAS,,2011,DHS,1480,1427,,,
UGA,648958,Fully vaccinated (8 basic antigens),50.7,1,UG,Uganda,2011,UG2011DHS,CH_VACS_C_BAS,93886230,I,268002,268002,Source of vaccination information,Either source,258002,24-35,1,0,CHVACSCBAS,,2011,DHS,1515,1471,,,
UGA,27584,Received no vaccinations,3.7,1,UG,Uganda,2011,UG2011DHS,CH_VACS_C_NON,93886250,I,268002,268002,Source of vaccination information,Either source,258001,12-23,1,1,CHVACSCNON,,2011,DHS,1480,1427,,,
UGA,648959,Received no vaccinations,4,1,UG,Uganda,2011,UG2011DHS,CH_VACS_C_NON,93886250,I,268002,268002,Source of vaccination information,Either source,258002,24-35,1,0,CHVACSCNON,,2011,DHS,1515,1471,,,
UGA,30366,Number of children 12-23 months,1480,0,UG,Uganda,2011,UG2011DHS,CH_VACS_C_NUM,93886260,D,268002,268002,Source of vaccination information,Either source,258001,12-23,1,1,CHVACSCNUM,,2011,DHS,,1427,,,
UGA,652863,Number of children 12-23 months,1515,0,UG,Uganda,2011,UG2011DHS,CH_VACS_C_NUM,93886260,D,268002,268002,Source of vaccination information,Either source,258002,24-35,1,0,CHVACSCNUM,,2011,DHS,,1471,,,
UGA,493129,Number of children 12-23 months (unweighted),1427,0,UG,Uganda,2011,UG2011DHS,CH_VACS_C_UNW,93886270,U,268002,268002,Source of vaccination information,Either source,258001,12-23,1,1,CHVACSCUNW,,2011,DHS,1480,,,,
UGA,430540,Number of children 12-23 months (unweighted),1471,0,UG,Uganda,2011,UG2011DHS,CH_VACS_C_UNW,93886270,U,268002,268002,Source of vaccination information,Either source,258002,24-35,1,0,CHVACSCUNW,,2011,DHS,1515,,,,
UGA,586087,BCG vaccination received,93.7,1,UG,Uganda,2011,UG2011DHS,CH_VACC_C_BCG,93906010,I,1000,0,Total,Total,0,,1,1,CHVACCCBCG,,2011,DHS,1480,1427,,,
UGA,586081,DPT 1 vaccination received,93.1,1,UG,Uganda,2011,UG2011DHS,CH_VACC_C_DP1,93906020,I,1000,0,Total,Total,0,,1,1,CHVACCCDP1,,2011,DHS,1480,1427,,,
UGA,586088,DPT 2 vaccination received,85.4,1,UG,Uganda,2011,UG2011DHS,CH_VACC_C_DP2,93906030,I,1000,0,Total,Total,0,,1,1,CHVACCCDP2,,2011,DHS,1480,1427,,,
UGA,586082,DPT 3 vaccination received,71.5,1,UG,Uganda,2011,UG2011DHS,CH_VACC_C_DP3,93906040,I,1000,0,Total,Total,0,,1,1,CHVACCCDP3,,2011,DHS,1480,1427,,,
UGA,586078,Polio 0 vaccination received,67.1,1,UG,Uganda,2011,UG2011DHS,CH_VACC_C_OP0,93906050,I,1000,0,Total,Total,0,,1,1,CHVACCCOP0,,2011,DHS,1480,1427,,,
UGA,586079,Polio 1 vaccination received,93.3,1,UG,Uganda,2011,UG2011DHS,CH_VACC_C_OP1,93906060,I,1000,0,Total,Total,0,,1,1,CHVACCCOP1,,2011,DHS,1480,1427,,,
UGA,586080,Polio 2 vaccination received,83.4,1,UG,Uganda,2011,UG2011DHS,CH_VACC_C_OP2,93906070,I,1000,0,Total,Total,0,,1,1,CHVACCCOP2,,2011,DHS,1480,1427,,,
UGA,586085,Polio 3 vaccination received,62.9,1,UG,Uganda,2011,UG2011DHS,CH_VACC_C_OP3,93906080,I,1000,0,Total,Total,0,,1,1,CHVACCCOP3,,2011,DHS,1480,1427,,,
UGA,586083,Measles vaccination received,75.8,1,UG,Uganda,2011,UG2011DHS,CH_VACC_C_MSL,93906090,I,1000,0,Total,Total,0,,1,1,CHVACCCMSL,,2011,DHS,1480,1427,,,
UGA,586089,Fully vaccinated (8 basic antigens),51.6,1,UG,Uganda,2011,UG2011DHS,CH_VACC_C_BAS,93906230,I,1000,0,Total,Total,0,,1,1,CHVACCCBAS,,2011,DHS,1480,1427,,,
UGA,586086,Received no vaccinations,3.7,1,UG,Uganda,2011,UG2011DHS,CH_VACC_C_NON,93906250,I,1000,0,Total,Total,0,,1,1,CHVACCCNON,,2011,DHS,1480,1427,,,
UGA,586090,Number of children 12-23 months,1480,0,UG,Uganda,2011,UG2011DHS,CH_VACC_C_NUM,93906270,D,1000,0,Total,Total,0,,1,1,CHVACCCNUM,,2011,DHS,,1427,,,
UGA,356121,Number of children 12-23 months (unweighted),1427,0,UG,Uganda,2011,UG2011DHS,CH_VACC_C_UNW,93906280,U,1000,0,Total,Total,0,,1,1,CHVACCCUNW,,2011,DHS,1480,,,,
UGA,63739,BCG vaccination received in first year,93.1,1,UG,Uganda,2011,UG2011DHS,CH_VAC1_C_BCG,93936010,I,1000,0,Total,Total,0,,1,1,CHVAC1CBCG,,2011,DHS,5906,5767,,,
UGA,63740,DPT 1 vaccination received in first year,92,1,UG,Uganda,2011,UG2011DHS,CH_VAC1_C_DP1,93936020,I,1000,0,Total,Total,0,,1,1,CHVAC1CDP1,,2011,DHS,5906,5767,,,
UGA,63741,DPT 2 vaccination received in first year,84.1,1,UG,Uganda,2011,UG2011DHS,CH_VAC1_C_DP2,93936030,I,1000,0,Total,Total,0,,1,1,CHVAC1CDP2,,2011,DHS,5906,5767,,,
UGA,63742,DPT 3 vaccination received in first year,69,1,UG,Uganda,2011,UG2011DHS,CH_VAC1_C_DP3,93936040,I,1000,0,Total,Total,0,,1,1,CHVAC1CDP3,,2011,DHS,5906,5767,,,
UGA,63744,Polio 0 vaccination received in first year,65.6,1,UG,Uganda,2011,UG2011DHS,CH_VAC1_C_OP0,93936050,I,1000,0,Total,Total,0,,1,1,CHVAC1COP0,,2011,DHS,5906,5767,,,
UGA,63743,Polio 1 vaccination received in first year,92,1,UG,Uganda,2011,UG2011DHS,CH_VAC1_C_OP1,93936060,I,1000,0,Total,Total,0,,1,1,CHVAC1COP1,,2011,DHS,5906,5767,,,
UGA,63745,Polio 2 vaccination received in first year,82.8,1,UG,Uganda,2011,UG2011DHS,CH_VAC1_C_OP2,93936070,I,1000,0,Total,Total,0,,1,1,CHVAC1COP2,,2011,DHS,5906,5767,,,
UGA,63746,Polio 3 vaccination received in first year,58.4,1,UG,Uganda,2011,UG2011DHS,CH_VAC1_C_OP3,93936080,I,1000,0,Total,Total,0,,1,1,CHVAC1COP3,,2011,DHS,5906,5767,,,
UGA,63750,Measles vaccination received in first year,34.8,1,UG,Uganda,2011,UG2011DHS,CH_VAC1_C_MSL,93936090,I,1000,0,Total,Total,0,,1,1,CHVAC1CMSL,,2011,DHS,5906,5767,,,
UGA,63747,Fully vaccinated (8 basic antigens),22.8,1,UG,Uganda,2011,UG2011DHS,CH_VAC1_C_BAS,93936230,I,1000,0,Total,Total,0,,1,1,CHVAC1CBAS,,2011,DHS,5906,5767,,,
UGA,63748,Received no vaccinations in first year,26.7,1,UG,Uganda,2011,UG2011DHS,CH_VAC1_C_NON,93936250,I,1000,0,Total,Total,0,,1,1,CHVAC1CNON,,2011,DHS,5906,5767,,,
UGA,63749,Percentage showing a vaccination card,48.4,1,UG,Uganda,2011,UG2011DHS,CH_VAC1_C_VCD,93936260,I,1000,0,Total,Total,0,,1,1,CHVAC1CVCD,,2011,DHS,5906,5767,,,
UGA,63751,Number of children one to four years of age,5906,0,UG,Uganda,2011,UG2011DHS,CH_VAC1_C_NUM,93936270,D,1000,0,Total,Total,0,,1,1,CHVAC1CNUM,,2011,DHS,,5767,,,
UGA,356132,Number of children one to four years of age (unweighted),5767,0,UG,Uganda,2011,UG2011DHS,CH_VAC1_C_UNW,93936280,U,1000,0,Total,Total,0,,1,1,CHVAC1CUNW,,2011,DHS,5906,,,,
UGA,799918,BCG vaccination received,96.3,1,UG,Uganda,2016,UG2016DHS,CH_VACS_C_BCG,93886010,I,268002,268002,Source of vaccination information,Either source,258001,12-23,1,1,CHVACSCBCG,,2016,DHS,2859,2922,,,
UGA,514349,BCG vaccination received,95.3,1,UG,Uganda,2016,UG2016DHS,CH_VACS_C_BCG,93886010,I,268002,268002,Source of vaccination information,Either source,258002,24-35,1,0,CHVACSCBCG,,2016,DHS,2890,2916,,,
UGA,799920,DPT 1 vaccination received,94.9,1,UG,Uganda,2016,UG2016DHS,CH_VACS_C_DP1,93886020,I,268002,268002,Source of vaccination information,Either source,258001,12-23,1,1,CHVACSCDP1,,2016,DHS,2859,2922,,,
UGA,514351,DPT 1 vaccination received,93,1,UG,Uganda,2016,UG2016DHS,CH_VACS_C_DP1,93886020,I,268002,268002,Source of vaccination information,Either source,258002,24-35,1,0,CHVACSCDP1,,2016,DHS,2890,2916,,,
UGA,799921,DPT 2 vaccination received,89.9,1,UG,Uganda,2016,UG2016DHS,CH_VACS_C_DP2,93886030,I,268002,268002,Source of vaccination information,Either source,258001,12-23,1,1,CHVACSCDP2,,2016,DHS,2859,2922,,,
UGA,514352,DPT 2 vaccination received,87.2,1,UG,Uganda,2016,UG2016DHS,CH_VACS_C_DP2,93886030,I,268002,268002,Source of vaccination information,Either source,258002,24-35,1,0,CHVACSCDP2,,2016,DHS,2890,2916,,,
UGA,799925,DPT 3 vaccination received,78.6,1,UG,Uganda,2016,UG2016DHS,CH_VACS_C_DP3,93886040,I,268002,268002,Source of vaccination information,Either source,258001,12-23,1,1,CHVACSCDP3,,2016,DHS,2859,2922,,,
UGA,514340,DPT 3 vaccination received,76.6,1,UG,Uganda,2016,UG2016DHS,CH_VACS_C_DP3,93886040,I,268002,268002,Source of vaccination information,Either source,258002,24-35,1,0,CHVACSCDP3,,2016,DHS,2890,2916,,,
UGA,799933,Polio 0 vaccination received,79.5,1,UG,Uganda,2016,UG2016DHS,CH_VACS_C_OP0,93886050,I,268002,268002,Source of vaccination information,Either source,258001,12-23,1,1,CHVACSCOP0,,2016,DHS,2859,2922,,,
UGA,514366,Polio 0 vaccination received,78.5,1,UG,Uganda,2016,UG2016DHS,CH_VACS_C_OP0,93886050,I,268002,268002,Source of vaccination information,Either source,258002,24-35,1,0,CHVACSCOP0,,2016,DHS,2890,2916,,,
UGA,799928,Polio 1 vaccination received,94.5,1,UG,Uganda,2016,UG2016DHS,CH_VACS_C_OP1,93886060,I,268002,268002,Source of vaccination information,Either source,258001,12-23,1,1,CHVACSCOP1,,2016,DHS,2859,2922,,,
UGA,514343,Polio 1 vaccination received,91.3,1,UG,Uganda,2016,UG2016DHS,CH_VACS_C_OP1,93886060,I,268002,268002,Source of vaccination information,Either source,258002,24-35,1,0,CHVACSCOP1,,2016,DHS,2890,2916,,,
UGA,799934,Polio 2 vaccination received,86.2,1,UG,Uganda,2016,UG2016DHS,CH_VACS_C_OP2,93886070,I,268002,268002,Source of vaccination information,Either source,258001,12-23,1,1,CHVACSCOP2,,2016,DHS,2859,2922,,,
UGA,514367,Polio 2 vaccination received,83.1,1,UG,Uganda,2016,UG2016DHS,CH_VACS_C_OP2,93886070,I,268002,268002,Source of vaccination information,Either source,258002,24-35,1,0,CHVACSCOP2,,2016,DHS,2890,2916,,,
UGA,799937,Polio 3 vaccination received,65.8,1,UG,Uganda,2016,UG2016DHS,CH_VACS_C_OP3,93886080,I,268002,268002,Source of vaccination information,Either source,258001,12-23,1,1,CHVACSCOP3,,2016,DHS,2859,2922,,,
UGA,514355,Polio 3 vaccination received,60.5,1,UG,Uganda,2016,UG2016DHS,CH_VACS_C_OP3,93886080,I,268002,268002,Source of vaccination information,Either source,258002,24-35,1,0,CHVACSCOP3,,2016,DHS,2890,2916,,,
UGA,799946,Measles vaccination received,80,1,UG,Uganda,2016,UG2016DHS,CH_VACS_C_MSL,93886090,I,268002,268002,Source of vaccination information,Either source,258001,12-23,1,1,CHVACSCMSL,,2016,DHS,2859,2922,,,
UGA,514361,Measles vaccination received,85.4,1,UG,Uganda,2016,UG2016DHS,CH_VACS_C_MSL,93886090,I,268002,268002,Source of vaccination information,Either source,258002,24-35,1,0,CHVACSCMSL,,2016,DHS,2890,2916,,,
UGA,799936,Hepatitis 1 vaccination received,94.9,1,UG,Uganda,2016,UG2016DHS,CH_VACS_C_HP1,93886110,I,268002,268002,Source of vaccination information,Either source,258001,12-23,1,1,CHVACSCHP1,,2016,DHS,2859,2922,,,
UGA,514345,Hepatitis 1 vaccination received,93,1,UG,Uganda,2016,UG2016DHS,CH_VACS_C_HP1,93886110,I,268002,268002,Source of vaccination information,Either source,258002,24-35,1,0,CHVACSCHP1,,2016,DHS,2890,2916,,,
UGA,799931,Hepatitis 2 vaccination received,89.9,1,UG,Uganda,2016,UG2016DHS,CH_VACS_C_HP2,93886120,I,268002,268002,Source of vaccination information,Either source,258001,12-23,1,1,CHVACSCHP2,,2016,DHS,2859,2922,,,
UGA,514364,Hepatitis 2 vaccination received,87.2,1,UG,Uganda,2016,UG2016DHS,CH_VACS_C_HP2,93886120,I,268002,268002,Source of vaccination information,Either source,258002,24-35,1,0,CHVACSCHP2,,2016,DHS,2890,2916,,,
UGA,799926,Hepatitis 3 vaccination received,78.6,1,UG,Uganda,2016,UG2016DHS,CH_VACS_C_HP3,93886130,I,268002,268002,Source of vaccination information,Either source,258001,12-23,1,1,CHVACSCHP3,,2016,DHS,2859,2922,,,
UGA,514341,Hepatitis 3 vaccination received,76.6,1,UG,Uganda,2016,UG2016DHS,CH_VACS_C_HP3,93886130,I,268002,268002,Source of vaccination information,Either source,258002,24-35,1,0,CHVACSCHP3,,2016,DHS,2890,2916,,,
UGA,799932,Haemophilus influenza type b 1 vaccination received,94.9,1,UG,Uganda,2016,UG2016DHS,CH_VACS_C_HB1,93886140,I,268002,268002,Source of vaccination information,Either source,258001,12-23,1,1,CHVACSCHB1,,2016,DHS,2859,2922,,,
UGA,514365,Haemophilus influenza type b 1 vaccination received,93,1,UG,Uganda,2016,UG2016DHS,CH_VACS_C_HB1,93886140,I,268002,268002,Source of vaccination information,Either source,258002,24-35,1,0,CHVACSCHB1,,2016,DHS,2890,2916,,,
UGA,799927,Haemophilus influenza type b 2 vaccination received,89.9,1,UG,Uganda,2016,UG2016DHS,CH_VACS_C_HB2,93886150,I,268002,268002,Source of vaccination information,Either source,258001,12-23,1,1,CHVACSCHB2,,2016,DHS,2859,2922,,,
UGA,514342,Haemophilus influenza type b 2 vaccination received,87.2,1,UG,Uganda,2016,UG2016DHS,CH_VACS_C_HB2,93886150,I,268002,268002,Source of vaccination information,Either source,258002,24-35,1,0,CHVACSCHB2,,2016,DHS,2890,2916,,,
UGA,799922,Haemophilus influenza type b 3 vaccination received,78.6,1,UG,Uganda,2016,UG2016DHS,CH_VACS_C_HB3,93886160,I,268002,268002,Source of vaccination information,Either source,258001,12-23,1,1,CHVACSCHB3,,2016,DHS,2859,2922,,,
UGA,514353,Haemophilus influenza type b 3 vaccination received,76.6,1,UG,Uganda,2016,UG2016DHS,CH_VACS_C_HB3,93886160,I,268002,268002,Source of vaccination information,Either source,258002,24-35,1,0,CHVACSCHB3,,2016,DHS,2890,2916,,,
UGA,799923,Fully vaccinated (8 basic antigens),55.2,1,UG,Uganda,2016,UG2016DHS,CH_VACS_C_BAS,93886230,I,268002,268002,Source of vaccination information,Either source,258001,12-23,1,1,CHVACSCBAS,,2016,DHS,2859,2922,,,
UGA,514354,Fully vaccinated (8 basic antigens),52.9,1,UG,Uganda,2016,UG2016DHS,CH_VACS_C_BAS,93886230,I,268002,268002,Source of vaccination information,Either source,258002,24-35,1,0,CHVACSCBAS,,2016,DHS,2890,2916,,,
UGA,799755,Received no vaccinations,1.3,1,UG,Uganda,2016,UG2016DHS,CH_VACS_C_NON,93886250,I,268002,268002,Source of vaccination information,Either source,258001,12-23,1,1,CHVACSCNON,,2016,DHS,2859,2922,,,
UGA,514362,Received no vaccinations,2.7,1,UG,Uganda,2016,UG2016DHS,CH_VACS_C_NON,93886250,I,268002,268002,Source of vaccination information,Either source,258002,24-35,1,0,CHVACSCNON,,2016,DHS,2890,2916,,,
UGA,798366,Number of children 12-23 months,2859,0,UG,Uganda,2016,UG2016DHS,CH_VACS_C_NUM,93886260,D,268002,268002,Source of vaccination information,Either source,258001,12-23,1,1,CHVACSCNUM,,2016,DHS,,2922,,,
UGA,356200,Number of children 12-23 months,2890,0,UG,Uganda,2016,UG2016DHS,CH_VACS_C_NUM,93886260,D,268002,268002,Source of vaccination information,Either source,258002,24-35,1,0,CHVACSCNUM,,2016,DHS,,2916,,,
UGA,562693,Number of children 12-23 months (unweighted),2922,0,UG,Uganda,2016,UG2016DHS,CH_VACS_C_UNW,93886270,U,268002,268002,Source of vaccination information,Either source,258001,12-23,1,1,CHVACSCUNW,,2016,DHS,2859,,,,
UGA,514368,Number of children 12-23 months (unweighted),2916,0,UG,Uganda,2016,UG2016DHS,CH_VACS_C_UNW,93886270,U,268002,268002,Source of vaccination information,Either source,258002,24-35,1,0,CHVACSCUNW,,2016,DHS,2890,,,,
UGA,790571,BCG vaccination received,96.3,1,UG,Uganda,2016,UG2016DHS,CH_VACC_C_BCG,93906010,I,1000,0,Total,Total,0,,1,1,CHVACCCBCG,,2016,DHS,2859,2922,,,
UGA,790597,DPT 1 vaccination received,94.9,1,UG,Uganda,2016,UG2016DHS,CH_VACC_C_DP1,93906020,I,1000,0,Total,Total,0,,1,1,CHVACCCDP1,,2016,DHS,2859,2922,,,
UGA,790572,DPT 2 vaccination received,89.9,1,UG,Uganda,2016,UG2016DHS,CH_VACC_C_DP2,93906030,I,1000,0,Total,Total,0,,1,1,CHVACCCDP2,,2016,DHS,2859,2922,,,
UGA,790601,DPT 3 vaccination received,78.6,1,UG,Uganda,2016,UG2016DHS,CH_VACC_C_DP3,93906040,I,1000,0,Total,Total,0,,1,1,CHVACCCDP3,,2016,DHS,2859,2922,,,
UGA,790599,Polio 0 vaccination received,79.5,1,UG,Uganda,2016,UG2016DHS,CH_VACC_C_OP0,93906050,I,1000,0,Total,Total,0,,1,1,CHVACCCOP0,,2016,DHS,2859,2922,,,
UGA,790600,Polio 1 vaccination received,94.5,1,UG,Uganda,2016,UG2016DHS,CH_VACC_C_OP1,93906060,I,1000,0,Total,Total,0,,1,1,CHVACCCOP1,,2016,DHS,2859,2922,,,
UGA,790568,Polio 2 vaccination received,86.2,1,UG,Uganda,2016,UG2016DHS,CH_VACC_C_OP2,93906070,I,1000,0,Total,Total,0,,1,1,CHVACCCOP2,,2016,DHS,2859,2922,,,
UGA,790569,Polio 3 vaccination received,65.8,1,UG,Uganda,2016,UG2016DHS,CH_VACC_C_OP3,93906080,I,1000,0,Total,Total,0,,1,1,CHVACCCOP3,,2016,DHS,2859,2922,,,
UGA,790579,Measles vaccination received,80,1,UG,Uganda,2016,UG2016DHS,CH_VACC_C_MSL,93906090,I,1000,0,Total,Total,0,,1,1,CHVACCCMSL,,2016,DHS,2859,2922,,,
UGA,790602,Hepatitis 1 vaccination received,94.9,1,UG,Uganda,2016,UG2016DHS,CH_VACC_C_HP1,93906110,I,1000,0,Total,Total,0,,1,1,CHVACCCHP1,,2016,DHS,2859,2922,,,
UGA,790577,Hepatitis 2 vaccination received,89.9,1,UG,Uganda,2016,UG2016DHS,CH_VACC_C_HP2,93906120,I,1000,0,Total,Total,0,,1,1,CHVACCCHP2,,2016,DHS,2859,2922,,,
UGA,790606,Hepatitis 3 vaccination received,78.6,1,UG,Uganda,2016,UG2016DHS,CH_VACC_C_HP3,93906130,I,1000,0,Total,Total,0,,1,1,CHVACCCHP3,,2016,DHS,2859,2922,,,
UGA,790607,Haemophilus influenza type b 1 vaccination received,94.9,1,UG,Uganda,2016,UG2016DHS,CH_VACC_C_HB1,93906140,I,1000,0,Total,Total,0,,1,1,CHVACCCHB1,,2016,DHS,2859,2922,,,
UGA,790608,Haemophilus influenza type b 2 vaccination received,89.9,1,UG,Uganda,2016,UG2016DHS,CH_VACC_C_HB2,93906150,I,1000,0,Total,Total,0,,1,1,CHVACCCHB2,,2016,DHS,2859,2922,,,
UGA,790609,Haemophilus influenza type b 3 vaccination received,78.6,1,UG,Uganda,2016,UG2016DHS,CH_VACC_C_HB3,93906160,I,1000,0,Total,Total,0,,1,1,CHVACCCHB3,,2016,DHS,2859,2922,,,
UGA,790591,Fully vaccinated (8 basic antigens),55.2,1,UG,Uganda,2016,UG2016DHS,CH_VACC_C_BAS,93906230,I,1000,0,Total,Total,0,,1,1,CHVACCCBAS,,2016,DHS,2859,2922,,,
UGA,790580,Received no vaccinations,1.3,1,UG,Uganda,2016,UG2016DHS,CH_VACC_C_NON,93906250,I,1000,0,Total,Total,0,,1,1,CHVACCCNON,,2016,DHS,2859,2922,,,
UGA,790587,Number of children 12-23 months,2859,0,UG,Uganda,2016,UG2016DHS,CH_VACC_C_NUM,93906270,D,1000,0,Total,Total,0,,1,1,CHVACCCNUM,,2016,DHS,,2922,,,
UGA,356244,Number of children 12-23 months (unweighted),2922,0,UG,Uganda,2016,UG2016DHS,CH_VACC_C_UNW,93906280,U,1000,0,Total,Total,0,,1,1,CHVACCCUNW,,2016,DHS,2859,,,,
UGA,6355,BCG vaccination received in first year,94.8,1,UG,Uganda,2016,UG2016DHS,CH_VAC1_C_BCG,93936010,I,1000,0,Total,Total,0,,1,1,CHVAC1CBCG,,2016,DHS,5749,5838,,,
UGA,6356,DPT 1 vaccination received in first year,92.7,1,UG,Uganda,2016,UG2016DHS,CH_VAC1_C_DP1,93936020,I,1000,0,Total,Total,0,,1,1,CHVAC1CDP1,,2016,DHS,5749,5838,,,
UGA,6357,DPT 2 vaccination received in first year,86.7,1,UG,Uganda,2016,UG2016DHS,CH_VAC1_C_DP2,93936030,I,1000,0,Total,Total,0,,1,1,CHVAC1CDP2,,2016,DHS,5749,5838,,,
UGA,6358,DPT 3 vaccination received in first year,74.8,1,UG,Uganda,2016,UG2016DHS,CH_VAC1_C_DP3,93936040,I,1000,0,Total,Total,0,,1,1,CHVAC1CDP3,,2016,DHS,5749,5838,,,
UGA,6364,Polio 0 vaccination received in first year,78.4,1,UG,Uganda,2016,UG2016DHS,CH_VAC1_C_OP0,93936050,I,1000,0,Total,Total,0,,1,1,CHVAC1COP0,,2016,DHS,5749,5838,,,
UGA,6362,Polio 1 vaccination received in first year,91.5,1,UG,Uganda,2016,UG2016DHS,CH_VAC1_C_OP1,93936060,I,1000,0,Total,Total,0,,1,1,CHVAC1COP1,,2016,DHS,5749,5838,,,
UGA,6365,Polio 2 vaccination received in first year,83,1,UG,Uganda,2016,UG2016DHS,CH_VAC1_C_OP2,93936070,I,1000,0,Total,Total,0,,1,1,CHVAC1COP2,,2016,DHS,5749,5838,,,
UGA,6363,Polio 3 vaccination received in first year,61,1,UG,Uganda,2016,UG2016DHS,CH_VAC1_C_OP3,93936080,I,1000,0,Total,Total,0,,1,1,CHVAC1COP3,,2016,DHS,5749,5838,,,
UGA,6366,Measles vaccination received in first year,71.6,1,UG,Uganda,2016,UG2016DHS,CH_VAC1_C_MSL,93936090,I,1000,0,Total,Total,0,,1,1,CHVAC1CMSL,,2016,DHS,5749,5838,,,
UGA,6359,Fully vaccinated (8 basic antigens),46.4,1,UG,Uganda,2016,UG2016DHS,CH_VAC1_C_BAS,93936230,I,1000,0,Total,Total,0,,1,1,CHVAC1CBAS,,2016,DHS,5749,5838,,,
UGA,6360,Received no vaccinations in first year,9.6,1,UG,Uganda,2016,UG2016DHS,CH_VAC1_C_NON,93936250,I,1000,0,Total,Total,0,,1,1,CHVAC1CNON,,2016,DHS,5749,5838,,,
UGA,6361,Percentage showing a vaccination card,64.3,1,UG,Uganda,2016,UG2016DHS,CH_VAC1_C_VCD,93936260,I,1000,0,Total,Total,0,,1,1,CHVAC1CVCD,,2016,DHS,5749,5838,,,
UGA,12979,Number of children one to four years of age,5749,0,UG,Uganda,2016,UG2016DHS,CH_VAC1_C_NUM,93936270,D,1000,0,Total,Total,0,,1,1,CHVAC1CNUM,,2016,DHS,,5838,,,
UGA,479639,Number of children one to four years of age (unweighted),5838,0,UG,Uganda,2016,UG2016DHS,CH_VAC1_C_UNW,93936280,U,1000,0,Total,Total,0,,1,1,CHVAC1CUNW,,2016,DHS,5749,,,,
